movie_id,avg_watch_time,completion_rate,ratings_count,avg_rating,hit
1,82,0.67,6176,3.7,1
2,94,0.98,7178,4.2,1
3,49,0.63,2095,3.4,0
4,84,0.81,3398,4.4,0
5,60,0.57,1076,3.6,0
6,66,0.75,3270,4.3,1
7,86,0.49,924,3.4,0
8,108,0.8,9889,4.3,1
9,38,0.57,562,3.7,0
10,128,0.89,8621,4.6,1
11,126,0.83,8000,4.8,1
12,33,0.53,1110,3.6,0
13,30,0.61,566,3.7,0
14,129,0.79,5417,4.9,1
15,43,0.55,1897,3.2,0
16,42,0.61,1396,3.7,0
17,92,0.68,5923,4.6,0
18,109,0.79,9044,5.0,1
19,100,0.89,6579,4.4,1
20,97,0.88,3997,4.2,0
21,42,0.61,1620,3.4,0
22,98,0.86,7961,4.2,1
23,112,0.92,9182,4.4,1
24,48,0.7,1138,3.4,0
25,54,0.69,1784,3.6,0
26,46,0.57,1751,4.0,0
27,137,0.91,8624,4.3,1
28,85,0.8,5065,4.2,0
29,60,0.6,2395,4.0,0
30,80,0.76,6614,4.3,0
31,42,0.57,856,2.9,0
32,113,0.9,4229,4.4,1
33,108,0.88,12045,4.1,1
34,124,0.95,11674,4.7,1
35,53,0.57,500,3.7,0
36,82,0.75,4521,4.0,0
37,93,0.76,6921,4.0,0
38,60,0.65,2154,3.1,0
39,64,0.47,1849,3.8,0
40,114,0.87,10111,4.6,1
41,71,0.64,3240,4.0,1
42,58,0.69,1494,3.0,0
43,70,0.75,3759,4.3,1
44,40,0.64,1720,3.3,0
45,141,0.85,10288,4.8,1
46,59,0.6,2496,3.6,0
47,55,0.54,1364,3.0,0
48,34,0.66,1748,3.2,0
49,50,0.43,891,3.5,0
50,68,0.58,721,3.6,0
51,129,0.83,8601,4.6,1
52,93,0.82,3534,4.3,1
53,55,0.69,1809,3.0,0
54,43,0.54,916,3.8,0
55,97,0.75,3552,4.0,1
56,56,0.43,1693,3.8,0
57,108,0.92,13808,4.4,1
58,59,0.74,3418,4.2,1
59,155,0.91,8921,4.7,1
60,58,0.36,2198,3.6,0
61,52,0.72,2386,3.7,0
62,44,0.76,500,4.0,0
63,64,0.54,2296,2.9,0
64,69,0.53,500,3.2,0
65,51,0.5,1234,3.4,0
66,115,0.98,3837,4.5,1
67,49,0.64,2000,4.2,0
68,65,0.76,8093,4.1,0
69,78,0.7,6501,4.1,0
70,85,0.75,5880,4.6,0
71,101,0.78,6620,4.5,0
72,78,0.59,1297,2.9,0
73,82,0.76,4316,3.9,1
74,70,0.76,2236,3.9,0
75,56,0.62,1615,2.8,0
76,71,0.73,5727,4.0,0
77,52,0.59,1945,3.9,0
78,42,0.55,2503,4.1,0
79,116,0.83,7507,4.0,1
80,101,0.91,7688,4.4,1
81,62,0.79,2000,4.1,1
82,48,0.56,2417,3.8,0
83,99,0.87,13021,4.0,1
84,92,0.58,1834,3.7,0
85,89,0.85,5284,4.4,0
86,121,0.82,7705,4.5,1
87,55,0.72,2154,4.1,1
88,59,0.6,2382,3.5,0
89,74,0.75,2000,3.7,1
90,119,0.93,10836,4.6,1
91,74,0.78,6271,4.3,0
92,85,0.58,4822,4.3,0
93,53,0.6,648,3.3,0
94,46,0.58,2189,3.4,0
95,103,0.89,7425,4.6,1
96,131,0.82,11573,4.5,1
97,77,0.74,6199,4.4,0
98,138,0.88,7158,4.5,1
99,46,0.64,1161,3.7,0
100,34,0.61,1791,3.6,0
101,93,0.81,2742,4.3,0
102,58,0.4,1596,3.6,0
103,111,0.9,8694,4.3,1
104,60,0.46,1408,4.1,0
105,110,0.88,9438,4.6,1
106,116,0.87,5629,4.4,1
107,70,0.68,3065,3.6,1
108,110,0.97,10464,4.7,1
109,79,0.73,3643,3.6,1
110,110,0.81,12123,4.6,1
111,62,0.5,747,3.5,0
112,124,0.87,11124,4.5,1
113,83,0.59,1172,2.6,0
114,107,0.84,7821,4.5,1
115,133,0.86,9878,4.7,1
116,95,0.64,3734,3.6,1
117,37,0.56,1739,3.2,0
118,37,0.48,612,3.9,0
119,121,0.9,8546,4.5,1
120,58,0.57,2708,4.0,0
121,70,0.78,4545,4.1,0
122,130,0.83,6643,4.6,1
123,100,0.88,10181,4.8,1
124,90,0.71,5264,4.0,1
125,74,0.49,1453,3.3,0
126,74,0.68,6818,4.2,1
127,67,0.58,2425,3.9,0
128,56,0.51,774,3.9,0
129,96,0.84,11180,4.8,1
130,123,0.76,10491,4.1,1
131,40,0.55,1029,3.3,0
132,55,0.81,3886,3.7,1
133,63,0.6,1553,3.4,0
134,45,0.49,1150,3.7,0
135,65,0.67,7377,4.0,1
136,112,0.86,4054,4.5,1
137,125,0.89,8912,4.7,1
138,120,0.84,6497,4.4,0
139,57,0.78,4449,4.1,0
140,115,0.9,8159,4.8,1
141,96,0.72,3292,4.4,1
142,124,0.89,6914,5.0,1
143,73,0.47,500,3.6,0
144,113,0.86,8152,4.9,1
145,125,0.89,12258,4.5,1
146,84,0.85,4970,3.8,0
147,82,0.84,14769,4.8,1
148,104,0.97,10828,4.6,1
149,73,0.78,3805,3.9,0
150,74,0.73,4963,4.0,0
151,68,0.72,5621,4.2,1
152,75,0.54,1450,3.8,0
153,146,0.88,6000,4.9,1
154,113,0.48,1349,3.9,0
155,102,0.91,10902,4.3,1
156,94,0.79,6544,4.4,0
157,64,0.68,1206,3.8,0
158,41,0.57,1416,3.8,0
159,73,0.67,3708,4.7,1
160,74,0.44,1917,3.1,0
161,65,0.7,4227,3.8,1
162,135,0.85,10156,4.7,1
163,74,0.61,3185,4.1,1
164,77,0.54,2217,3.9,0
165,52,0.62,1168,3.6,0
166,112,0.96,6858,4.2,1
167,59,0.58,2051,3.4,0
168,92,0.87,8594,4.4,1
169,122,0.84,8005,4.4,1
170,83,0.67,678,3.6,0
171,101,0.86,6967,4.6,1
172,113,0.88,10426,4.3,1
173,53,0.57,2612,3.4,0
174,67,0.65,2114,2.9,0
175,38,0.55,1105,3.2,0
176,88,0.6,7459,3.9,0
177,51,0.54,1136,3.2,0
178,70,0.83,4002,4.0,1
179,47,0.61,837,3.3,0
180,112,0.92,6786,4.1,1
181,129,0.87,7444,4.3,1
182,136,0.84,6059,4.6,1
183,63,0.65,1306,3.8,0
184,73,0.74,3173,3.5,1
185,68,0.54,2736,3.8,0
186,88,0.95,8199,4.8,1
187,83,0.63,3983,4.6,0
188,140,0.82,6574,4.4,1
189,64,0.69,6279,4.5,0
190,78,0.79,6008,4.4,0
191,119,0.86,8493,4.1,1
192,137,0.9,11643,4.4,1
193,48,0.6,753,3.3,0
194,94,0.84,7842,4.5,1
195,77,0.82,1817,4.5,0
196,56,0.55,2220,3.4,0
197,70,0.54,1466,3.6,0
198,117,0.91,12313,4.7,1
199,124,0.91,3805,4.4,1
200,62,0.69,1888,3.4,0
201,128,0.93,10637,4.6,1
202,115,0.9,5482,4.6,1
203,119,0.89,3783,4.9,1
204,118,0.88,8767,4.2,1
205,120,0.96,10340,4.1,1
206,90,0.51,1822,3.5,0
207,103,0.92,9452,4.5,1
208,123,0.87,5710,4.1,1
209,111,0.82,3668,4.6,1
210,66,0.82,5870,4.1,1
211,93,0.78,4474,3.9,1
212,114,0.97,12258,4.6,1
213,44,0.57,3415,3.6,0
214,124,0.82,10073,4.0,1
215,145,0.95,9150,4.7,1
216,36,0.52,1853,3.3,0
217,100,0.85,7414,4.8,1
218,45,0.75,1851,3.5,0
219,145,0.78,9446,4.8,1
220,90,0.81,7418,3.8,0
221,68,0.76,3932,3.8,1
222,122,0.89,4275,4.2,1
223,114,0.9,5582,4.2,1
224,108,0.94,9607,4.5,1
225,60,0.66,2425,3.9,0
226,94,0.81,4346,3.9,0
227,116,0.83,11504,4.1,1
228,47,0.59,2074,3.3,0
229,58,0.48,1989,3.1,0
230,131,0.94,5567,3.9,1
231,45,0.37,1411,3.7,0
232,47,0.49,1859,4.3,0
233,105,0.86,5486,4.0,1
234,107,0.92,6972,4.5,1
235,92,0.97,9216,4.4,1
236,30,0.47,890,3.4,0
237,97,0.86,13134,4.6,1
238,91,0.74,5105,4.3,0
239,72,0.63,2000,4.1,1
240,100,0.83,7151,4.7,1
241,42,0.7,500,3.5,0
242,63,0.51,1348,3.5,0
243,56,0.46,2891,3.3,0
244,123,0.89,9349,4.5,1
245,67,0.68,1267,3.9,0
246,102,0.76,6742,4.1,0
247,94,0.96,11050,4.2,1
248,144,0.89,13638,4.4,1
249,37,0.51,947,2.8,0
250,75,0.45,1501,3.3,0
251,116,0.87,17107,4.2,1
252,68,0.51,530,2.9,0
253,61,0.61,2030,4.0,0
254,37,0.63,1602,3.5,0
255,120,0.8,8839,4.5,1
256,57,0.68,4919,4.0,1
257,48,0.51,873,2.5,0
258,78,0.76,4197,4.4,0
259,79,0.57,2501,2.5,0
260,78,0.77,3145,4.2,1
261,77,0.81,4303,4.4,0
262,68,0.45,973,3.5,0
263,88,0.75,10481,4.4,1
264,120,0.74,8289,4.4,1
265,116,0.88,10476,4.0,1
266,154,0.83,4572,4.7,1
267,88,0.67,2254,3.9,0
268,58,0.73,3019,4.6,0
269,121,0.86,5252,4.5,1
270,82,0.68,4965,4.5,0
271,86,0.76,2187,3.7,0
272,102,0.82,9564,4.4,1
273,118,0.88,10053,4.1,1
274,129,0.82,9949,4.4,1
275,46,0.64,2257,4.1,0
276,58,0.45,2477,3.4,0
277,46,0.41,1165,3.8,0
278,63,0.46,1608,3.3,0
279,98,0.79,5101,3.7,0
280,43,0.57,1131,3.6,0
281,74,0.79,2199,3.7,1
282,122,0.91,8070,4.4,1
283,78,0.66,1825,2.9,0
284,118,0.83,11590,4.6,1
285,107,0.86,14124,4.3,1
286,72,0.71,2000,4.3,1
287,125,0.97,9373,4.6,1
288,105,0.93,5570,4.7,1
289,133,0.86,6069,4.5,1
290,68,0.66,3826,3.7,1
291,60,0.81,4880,4.6,0
292,65,0.68,4368,4.4,1
293,86,0.84,4394,4.4,0
294,55,0.73,5183,4.3,1
295,34,0.51,1099,3.8,0
296,111,0.81,7044,4.2,1
297,103,0.79,5189,4.0,0
298,74,0.8,3688,3.8,1
299,106,0.84,9086,4.5,1
300,69,0.81,5966,4.1,1
301,103,0.92,11070,4.3,1
302,103,0.84,10382,4.8,1
303,39,0.51,838,4.0,0
304,76,0.86,5540,4.0,1
305,150,0.97,11180,4.4,1
306,118,0.94,7190,4.1,1
307,144,0.94,8343,4.8,1
308,54,0.53,1433,3.9,0
309,70,0.67,957,4.0,0
310,104,0.8,8042,4.6,1
311,72,0.51,1833,3.2,0
312,59,0.57,1068,4.1,0
313,75,0.75,2981,4.0,0
314,90,0.78,3480,3.7,1
315,64,0.48,1855,3.8,0
316,66,0.66,1324,3.0,0
317,75,0.82,9258,4.6,1
318,75,0.68,3464,4.2,1
319,127,0.94,8212,4.1,1
320,89,0.69,3927,4.3,1
321,110,0.86,4534,4.2,1
322,127,0.87,7552,4.4,1
323,86,0.7,6212,4.1,0
324,90,0.83,5031,4.2,0
325,91,0.59,2752,4.0,1
326,61,0.83,8256,4.1,0
327,122,0.88,11145,4.7,1
328,55,0.49,1508,3.6,0
329,114,0.85,9777,4.7,1
330,58,0.47,2464,3.3,0
331,64,0.58,928,3.7,0
332,65,0.62,1573,3.2,0
333,79,0.49,1078,3.6,0
334,71,0.57,1383,3.4,0
335,77,0.7,2681,4.0,1
336,96,0.77,5488,4.6,0
337,160,0.85,13257,4.5,1
338,66,0.43,2056,3.4,0
339,69,0.69,3730,4.2,1
340,61,0.54,1411,4.1,0
341,72,0.73,3427,4.4,1
342,78,0.66,1051,3.6,0
343,116,0.95,8887,4.8,1
344,121,0.93,8624,4.5,1
345,132,0.85,5142,4.6,1
346,91,0.77,4470,4.2,0
347,96,0.9,8073,4.0,1
348,86,0.81,2575,4.3,0
349,69,0.7,4471,3.9,1
350,53,0.5,1512,3.2,0
351,74,0.48,1952,3.3,0
352,48,0.59,3034,3.6,0
353,57,0.51,1422,3.7,0
354,43,0.47,1808,3.5,0
355,87,0.69,5123,4.2,0
356,71,0.55,1038,3.2,0
357,60,0.51,885,2.5,0
358,83,0.45,1516,2.9,0
359,133,0.86,6516,4.8,1
360,69,0.55,774,3.2,0
361,77,0.79,6108,4.3,0
362,65,0.57,2799,3.1,0
363,67,0.57,1533,2.7,0
364,128,0.83,10370,4.6,1
365,64,0.73,4356,4.5,1
366,83,0.75,2000,4.4,1
367,54,0.52,844,3.4,0
368,98,0.96,10070,4.5,1
369,94,0.84,3557,4.5,1
370,120,0.89,8604,4.8,1
371,80,0.89,6429,4.2,0
372,55,0.56,3162,3.8,1
373,62,0.65,3501,4.5,1
374,99,0.71,4018,4.4,0
375,110,0.89,6113,3.9,0
376,93,0.85,7809,4.0,0
377,110,0.84,9496,4.4,1
378,37,0.43,2153,3.7,0
379,137,0.89,4971,5.0,1
380,65,0.6,2408,3.4,0
381,97,0.94,9398,4.6,1
382,69,0.59,3677,4.2,1
383,88,0.75,5550,4.4,0
384,118,0.93,12094,4.8,1
385,113,0.9,11531,4.4,1
386,121,0.9,7609,4.3,1
387,48,0.5,1834,3.4,0
388,121,0.9,4904,4.8,1
389,44,0.46,1496,3.3,0
390,128,0.84,10478,4.2,1
391,121,0.86,11986,4.6,1
392,77,0.58,1377,4.2,0
393,123,0.96,11218,4.6,1
394,57,0.75,1933,3.5,0
395,110,0.78,5169,4.1,0
396,83,0.75,5955,4.0,1
397,43,0.59,1337,3.7,0
398,82,0.75,6378,4.4,0
399,95,0.89,11979,4.5,1
400,65,0.77,4196,3.9,0
401,89,0.72,7281,3.9,0
402,81,0.75,5481,3.9,1
403,39,0.58,2794,3.2,0
404,55,0.71,5704,4.1,1
405,82,0.77,4034,3.7,0
406,30,0.57,1484,4.2,0
407,55,0.56,1976,3.9,0
408,68,0.53,1940,2.8,0
409,95,0.9,10060,4.5,1
410,110,0.88,7418,4.5,1
411,89,0.77,6007,4.0,0
412,68,0.78,6781,4.3,0
413,124,0.84,11662,4.4,1
414,54,0.43,765,3.4,0
415,98,0.8,4352,4.3,0
416,105,0.94,7922,4.5,1
417,47,0.5,500,2.9,0
418,125,0.89,8644,4.2,1
419,83,0.62,6016,4.4,0
420,78,0.78,3490,3.5,0
421,62,0.6,1136,3.8,0
422,50,0.63,1318,3.7,0
423,65,0.73,4015,3.6,1
424,159,0.82,7688,4.3,1
425,80,0.83,4875,4.0,0
426,52,0.61,1580,3.9,0
427,128,0.88,10661,4.3,1
428,124,0.91,11490,4.6,1
429,116,0.9,8972,4.3,1
430,51,0.64,2826,3.5,0
431,71,0.83,4746,4.3,0
432,61,0.49,1404,3.5,0
433,81,0.5,2242,3.4,0
434,46,0.61,2073,3.8,0
435,74,0.66,6478,3.9,0
436,33,0.43,900,2.9,0
437,70,0.59,1220,3.4,0
438,30,0.7,2059,3.0,0
439,112,0.87,5802,4.4,1
440,59,0.45,1325,4.1,0
441,94,0.82,4242,4.3,0
442,98,0.75,4620,4.2,1
443,122,0.98,11523,4.4,1
444,123,0.8,4077,4.7,1
445,77,0.83,7969,4.6,1
446,101,0.81,9989,4.0,1
447,124,0.9,4999,4.8,1
448,115,0.89,14105,4.4,1
449,115,0.78,12188,4.9,1
450,75,0.56,651,2.8,0
451,116,0.85,8398,4.4,1
452,110,0.85,9420,4.8,1
453,73,0.78,4736,3.8,0
454,80,0.72,2000,3.8,1
455,72,0.71,3841,4.0,1
456,66,0.55,1009,3.2,0
457,32,0.66,1839,3.0,0
458,98,0.9,11792,4.4,1
459,58,0.75,4940,4.2,1
460,67,0.57,1069,3.5,0
461,74,0.77,7757,4.4,0
462,30,0.66,2143,3.6,0
463,69,0.53,1003,3.3,0
464,65,0.57,1669,4.6,0
465,134,0.9,11026,4.7,1
466,66,0.73,3644,4.5,0
467,123,0.86,9702,4.6,1
468,57,0.55,1228,4.2,0
469,69,0.79,5375,3.8,1
470,80,0.62,3535,3.9,1
471,93,0.91,7756,4.4,1
472,124,0.88,8781,4.4,1
473,55,0.72,5069,3.6,1
474,61,0.51,1512,3.6,0
475,129,0.9,8944,4.7,1
476,97,0.65,5319,4.2,0
477,78,0.38,1865,3.4,0
478,49,0.6,1549,3.5,0
479,75,0.75,5357,4.5,0
480,39,0.52,3047,3.6,0
481,102,0.88,7026,5.0,1
482,67,0.69,4356,4.1,0
483,79,0.84,6781,4.2,0
484,93,0.8,5642,4.2,0
485,67,0.6,1903,3.6,0
486,34,0.52,2097,2.7,0
487,89,0.76,4066,4.2,0
488,136,0.91,9456,4.7,1
489,88,0.81,2813,4.0,0
490,49,0.67,1331,3.1,0
491,98,0.82,10050,4.5,1
492,51,0.69,1735,3.4,0
493,43,0.45,1028,3.5,0
494,97,0.79,6425,4.2,0
495,77,0.51,1924,3.0,0
496,73,0.82,6976,4.1,0
497,72,0.67,4405,4.0,1
498,130,0.85,10732,4.5,1
499,63,0.64,4431,3.9,1
500,64,0.64,4135,3.7,1
501,130,0.93,7855,4.1,1
502,105,0.68,3567,4.2,0
503,89,0.85,5766,4.5,0
504,73,0.8,3633,4.1,1
505,81,0.83,4335,3.9,1
506,60,0.53,1439,3.4,0
507,42,0.55,691,3.5,0
508,84,0.73,6945,4.4,0
509,95,0.78,5478,4.4,0
510,51,0.7,1524,2.9,0
511,52,0.53,814,3.3,0
512,126,0.86,7179,4.4,1
513,48,0.61,1210,3.1,0
514,76,0.79,3404,3.6,1
515,61,0.82,4359,4.4,1
516,72,0.7,4538,3.7,1
517,53,0.43,1821,3.5,0
518,75,0.82,3419,4.3,0
519,135,0.81,7022,4.3,1
520,38,0.55,1823,3.8,0
521,65,0.51,1276,3.7,0
522,69,0.84,4247,4.6,1
523,45,0.63,1794,3.5,0
524,31,0.52,996,3.0,0
525,67,0.49,609,3.4,0
526,76,0.8,3454,4.2,1
527,69,0.5,686,3.6,0
528,72,0.52,1134,3.4,0
529,105,0.89,5956,4.3,1
530,36,0.5,1685,3.8,0
531,86,0.76,4631,3.6,1
532,63,0.67,2549,3.9,0
533,72,0.83,8884,4.4,0
534,107,0.92,5307,4.6,1
535,46,0.55,1551,3.7,0
536,127,0.98,9907,4.4,1
537,109,0.8,6975,4.3,0
538,76,0.76,4466,4.0,1
539,59,0.59,2069,3.7,0
540,108,0.58,5733,4.0,0
541,61,0.72,5627,3.9,1
542,78,0.79,7565,4.0,0
543,77,0.53,2123,3.9,0
544,89,0.71,3220,3.8,1
545,68,0.69,3114,3.9,1
546,112,0.66,6140,4.2,0
547,64,0.8,2000,4.0,1
548,67,0.45,1102,3.7,0
549,82,0.75,5291,4.3,0
550,102,0.8,11447,4.6,1
551,51,0.59,1018,3.4,0
552,64,0.54,828,3.8,0
553,99,0.84,8649,4.2,1
554,108,0.88,10202,4.4,1
555,62,0.51,2273,3.6,0
556,100,0.95,10732,4.6,1
557,120,0.98,5442,4.4,1
558,76,0.66,3140,3.8,1
559,119,0.94,13036,4.4,1
560,63,0.68,6628,4.4,0
561,115,0.96,9244,3.9,1
562,101,0.88,6929,4.2,1
563,64,0.8,2300,3.8,1
564,87,0.74,4742,4.2,1
565,90,0.85,5036,4.2,0
566,65,0.78,4476,4.2,0
567,124,0.83,9466,4.7,1
568,44,0.52,1367,3.6,0
569,79,0.73,4245,4.2,1
570,69,0.67,1773,3.2,0
571,30,0.65,1314,3.2,0
572,63,0.5,679,4.0,0
573,79,0.67,5172,4.0,0
574,134,0.91,12380,4.7,1
575,75,0.69,7010,4.5,0
576,62,0.41,2394,3.5,0
577,121,0.91,8183,4.5,1
578,57,0.63,1693,3.4,0
579,112,0.89,12226,4.5,1
580,75,0.69,7849,4.2,0
581,120,0.94,11375,4.4,1
582,77,0.82,5614,4.6,0
583,112,0.93,8546,4.5,1
584,34,0.49,1681,3.2,0
585,60,0.67,1605,2.9,0
586,62,0.61,1575,4.3,0
587,63,0.6,1487,3.1,0
588,86,0.65,5526,4.1,1
589,82,0.72,4516,3.9,0
590,130,0.85,5928,5.0,1
591,121,0.86,7879,4.1,1
592,54,0.6,676,3.8,0
593,84,0.71,5869,4.2,0
594,88,0.54,500,3.1,0
595,133,0.93,10678,4.5,1
596,93,0.77,4664,4.1,0
597,56,0.52,1733,3.7,0
598,68,0.67,4575,4.2,1
599,42,0.44,1207,2.9,0
600,90,0.74,3062,3.8,1
601,120,0.86,9901,4.8,1
602,69,0.51,2521,3.2,0
603,45,0.64,2241,3.3,0
604,56,0.47,2231,3.7,0
605,43,0.58,1967,3.7,0
606,64,0.71,5284,3.7,1
607,72,0.51,2630,3.0,0
608,86,0.85,8779,4.5,1
609,68,0.77,5269,3.8,0
610,128,0.9,5855,4.6,1
611,106,0.94,11373,4.6,1
612,91,0.75,7908,4.3,0
613,61,0.57,798,3.0,0
614,106,0.81,10922,4.6,1
615,69,0.64,2217,3.7,0
616,46,0.55,2078,3.5,0
617,91,0.89,5497,4.4,0
618,36,0.45,1581,3.8,0
619,79,0.72,5063,4.2,1
620,44,0.69,969,4.0,0
621,89,0.72,5154,4.1,1
622,60,0.63,531,3.6,0
623,86,0.76,6064,4.1,0
624,107,0.9,14038,4.9,1
625,130,0.92,12631,4.2,1
626,103,0.75,4287,4.4,0
627,78,0.52,1310,3.8,0
628,128,0.99,12406,4.6,1
629,75,0.74,3871,4.0,0
630,87,0.55,1399,3.9,0
631,50,0.63,1113,3.8,0
632,119,0.87,10344,4.5,1
633,39,0.58,1371,3.3,0
634,96,0.72,3739,4.1,1
635,123,0.79,3953,4.7,1
636,121,0.92,9947,4.2,1
637,66,0.64,1679,3.7,0
638,58,0.68,1377,2.7,0
639,59,0.38,2151,3.0,0
640,115,0.89,8625,4.6,1
641,63,0.79,5184,3.9,0
642,101,0.81,10020,4.8,1
643,118,0.9,6841,4.4,1
644,72,0.72,4952,4.1,1
645,87,0.87,5486,4.0,0
646,79,0.72,6260,4.1,0
647,47,0.68,1388,3.6,0
648,116,0.9,8099,4.7,1
649,125,0.87,8790,4.6,1
650,143,0.73,12132,4.4,1
651,101,0.88,10877,4.0,1
652,58,0.5,1540,3.2,0
653,121,0.93,8224,4.6,1
654,62,0.71,4552,4.0,1
655,47,0.55,1537,4.0,0
656,79,0.72,5507,3.9,0
657,51,0.5,1151,3.6,0
658,100,0.85,9805,4.6,1
659,122,0.84,6375,4.7,1
660,69,0.74,3406,4.6,0
661,48,0.53,894,3.2,0
662,96,0.77,10303,4.5,1
663,55,0.49,1098,3.9,0
664,41,0.59,998,3.4,0
665,121,0.91,8300,4.6,1
666,124,0.92,5838,4.6,1
667,79,0.78,3872,3.8,0
668,52,0.51,1545,3.8,0
669,72,0.44,1419,3.5,0
670,78,0.65,2685,3.5,1
671,56,0.55,967,3.4,0
672,112,0.99,7225,4.6,1
673,56,0.55,562,3.4,0
674,122,0.86,3509,4.6,1
675,142,0.85,8802,4.5,1
676,123,0.95,8511,4.7,1
677,118,0.86,11488,4.5,1
678,102,0.83,11929,4.2,1
679,83,0.66,5751,4.0,0
680,111,0.91,8509,4.8,1
681,135,0.94,9949,4.2,1
682,84,0.75,5252,4.4,0
683,82,0.5,2042,3.0,0
684,126,0.97,9182,4.5,1
685,138,0.9,9546,4.8,1
686,119,0.84,7479,4.7,1
687,43,0.4,1478,4.3,0
688,32,0.72,2029,3.9,0
689,30,0.44,2227,4.0,0
690,84,0.57,3835,4.2,1
691,124,0.83,8982,4.7,1
692,96,0.81,5525,4.5,0
693,122,0.87,12075,5.0,1
694,123,0.8,6535,5.0,1
695,52,0.55,1506,2.8,0
696,57,0.51,1048,3.5,0
697,118,0.84,7202,4.2,1
698,140,0.91,10955,4.5,1
699,63,0.59,500,3.5,0
700,73,0.65,3382,3.7,1
701,74,0.8,5770,4.4,0
702,86,0.95,11979,4.6,1
703,130,0.88,11400,4.2,1
704,110,0.99,13108,4.6,1
705,48,0.55,1084,3.6,0
706,30,0.69,1871,3.7,0
707,102,0.83,7269,4.6,1
708,80,0.81,7060,4.3,0
709,53,0.53,1150,3.3,0
710,83,0.69,940,3.4,0
711,78,0.5,1679,3.3,0
712,88,0.65,4082,4.1,0
713,34,0.58,1736,3.4,0
714,82,0.92,4078,4.4,1
715,73,0.75,4329,4.6,0
716,115,0.79,10333,4.6,1
717,55,0.74,3608,3.7,0
718,73,0.66,5149,4.0,1
719,120,0.84,8838,4.0,1
720,86,0.89,8620,4.7,1
721,90,0.55,2776,4.2,1
722,90,0.67,3988,4.0,1
723,94,0.75,2618,4.1,1
724,72,0.86,3028,3.8,1
725,44,0.59,1728,3.8,0
726,53,0.51,543,3.3,0
727,47,0.56,2248,3.1,0
728,131,0.83,8674,4.2,1
729,40,0.65,1276,3.5,0
730,127,0.8,11704,3.8,1
731,78,0.69,4233,4.2,1
732,134,0.86,10465,4.6,1
733,65,0.73,1281,4.0,0
734,96,0.6,2595,3.7,0
735,51,0.54,1693,3.4,0
736,92,0.82,4610,4.4,0
737,56,0.7,1880,3.4,0
738,55,0.58,2048,3.3,0
739,101,0.95,9362,4.5,1
740,78,0.69,4265,4.2,1
741,79,0.67,3067,4.2,1
742,138,0.95,9278,4.4,1
743,107,0.98,10583,4.3,1
744,43,0.45,1483,3.6,0
745,61,0.65,3730,4.4,0
746,103,0.8,13726,4.9,1
747,51,0.62,1661,2.7,0
748,71,0.51,1931,3.4,0
749,131,0.93,8194,4.6,1
750,99,0.8,8133,4.6,1
751,50,0.6,2003,3.5,0
752,103,0.82,5461,4.2,1
753,60,0.34,1058,3.1,0
754,120,0.82,8017,4.7,1
755,87,0.6,1634,3.3,0
756,111,0.93,7570,4.2,1
757,47,0.61,701,3.6,0
758,103,0.72,4497,3.9,0
759,106,0.92,8589,4.3,1
760,58,0.63,1955,3.2,0
761,67,0.49,1585,4.1,0
762,93,0.73,2060,3.9,1
763,89,0.76,2890,4.0,0
764,89,0.79,4719,4.0,0
765,106,0.93,6907,4.7,1
766,42,0.54,1519,3.2,0
767,33,0.49,1134,4.0,0
768,30,0.67,1350,3.7,0
769,72,0.76,5301,4.1,0
770,62,0.64,4101,4.2,1
771,80,0.73,6972,4.3,0
772,37,0.56,1316,3.3,0
773,127,0.89,9925,4.4,1
774,78,0.84,6158,3.9,1
775,91,0.92,7535,4.0,1
776,82,0.8,1740,4.3,0
777,112,0.83,10860,4.6,1
778,106,0.95,7623,4.4,1
779,114,0.91,2239,4.4,1
780,123,0.91,12240,4.8,1
781,40,0.55,936,2.5,0
782,54,0.56,860,3.2,0
783,101,0.67,3616,4.2,0
784,104,0.92,7213,4.7,1
785,109,0.88,4061,4.6,1
786,50,0.55,1751,3.4,0
787,111,0.97,9001,4.3,1
788,95,0.82,9790,4.3,1
789,112,0.88,8007,4.4,1
790,106,0.85,9017,4.3,1
791,145,0.89,13172,4.1,1
792,107,0.83,9560,4.8,1
793,61,0.6,960,3.7,0
794,109,0.9,9667,4.2,1
795,43,0.44,1182,3.7,0
796,48,0.6,782,4.1,0
797,137,0.84,9910,4.8,1
798,48,0.33,1520,4.0,0
799,52,0.57,2236,2.8,0
800,114,0.92,7100,4.5,1
801,61,0.63,1610,3.9,0
802,50,0.49,1395,4.0,0
803,51,0.58,1529,2.8,0
804,95,0.91,11236,4.0,1
805,124,0.8,4777,4.3,1
806,45,0.53,500,3.0,0
807,40,0.69,989,3.5,0
808,84,0.75,3863,4.3,1
809,84,0.75,5678,3.8,0
810,104,0.82,6244,4.4,1
811,114,0.82,6393,4.3,1
812,109,0.9,11727,4.3,1
813,105,0.92,11098,4.4,1
814,55,0.57,1397,3.0,0
815,59,0.62,2563,3.5,0
816,128,0.84,9798,4.7,1
817,67,0.68,500,3.1,0
818,59,0.44,1365,3.5,0
819,64,0.56,1538,4.3,0
820,62,0.73,2858,3.8,1
821,95,0.7,3886,4.5,0
822,111,0.91,9831,4.5,1
823,128,0.8,11981,4.5,1
824,60,0.7,1698,3.2,0
825,121,0.78,10242,4.4,1
826,108,0.9,6460,4.7,1
827,53,0.67,1003,3.6,0
828,81,0.74,4103,3.9,1
829,31,0.5,1762,3.6,0
830,82,0.75,4641,4.3,0
831,104,0.84,6935,4.2,1
832,74,0.6,1063,3.7,0
833,93,0.87,3103,3.9,1
834,120,0.87,5668,4.4,1
835,56,0.64,2232,4.5,0
836,34,0.57,2787,3.1,0
837,107,0.87,10507,4.3,1
838,37,0.42,2483,3.6,0
839,121,0.89,7324,4.3,1
840,79,0.69,4638,4.6,0
841,125,0.94,10218,4.3,1
842,67,0.71,4686,4.2,1
843,53,0.6,2474,3.6,0
844,116,0.85,8690,4.0,1
845,80,0.68,3398,4.2,0
846,120,0.95,9693,4.6,1
847,81,0.69,2572,3.7,1
848,114,0.94,7000,4.4,1
849,35,0.45,1841,3.5,0
850,67,0.42,1374,3.3,0
851,50,0.59,1109,3.9,0
852,125,0.94,6515,4.3,1
853,55,0.66,5573,3.7,1
854,67,0.59,2000,4.3,1
855,131,0.84,10160,4.3,1
856,55,0.72,3425,4.8,1
857,96,0.74,4611,4.6,0
858,59,0.47,1154,3.3,0
859,108,0.83,8690,4.9,1
860,122,0.88,9933,4.7,1
861,130,0.93,6232,4.6,1
862,64,0.52,500,3.4,0
863,123,0.86,6630,4.6,1
864,73,0.71,4685,4.2,1
865,128,0.9,6873,4.6,1
866,119,0.92,6256,4.8,1
867,81,0.8,5827,4.5,0
868,73,0.66,4373,4.1,1
869,109,0.88,10982,4.6,1
870,114,0.99,9642,4.6,1
871,60,0.61,1667,3.2,0
872,47,0.58,1413,3.4,0
873,43,0.56,1364,3.5,0
874,48,0.5,500,3.2,0
875,123,0.94,3024,4.4,1
876,77,0.66,3588,3.5,1
877,48,0.58,1775,3.8,0
878,60,0.64,712,3.3,0
879,99,0.73,2840,4.0,1
880,126,0.85,9357,4.7,1
881,96,0.9,7050,4.6,1
882,64,0.56,1906,3.1,0
883,47,0.52,1169,3.1,0
884,73,0.75,3499,4.3,0
885,44,0.55,1959,3.5,0
886,71,0.77,5148,3.5,1
887,97,0.89,16880,4.5,1
888,151,0.9,6512,4.3,1
889,84,0.63,5353,3.9,1
890,73,0.75,5285,4.0,0
891,77,0.62,1676,3.4,0
892,44,0.53,765,3.1,0
893,92,0.66,6825,4.4,0
894,62,0.56,1735,4.6,0
895,68,0.71,4840,3.6,1
896,43,0.51,2527,2.5,0
897,40,0.56,1095,2.6,0
898,84,0.76,4819,4.6,0
899,60,0.53,1640,3.9,0
900,68,0.57,1093,3.8,0
901,92,0.68,6462,4.1,0
902,94,0.77,4864,4.3,0
903,111,0.83,12618,5.0,1
904,138,0.91,8126,4.4,1
905,108,0.92,11954,4.5,1
906,99,0.93,6191,4.7,1
907,83,0.73,5605,3.8,0
908,94,0.61,3117,4.5,1
909,36,0.63,1260,2.6,0
910,71,0.79,4962,4.1,1
911,118,0.79,9530,4.3,1
912,128,0.97,7068,4.7,1
913,71,0.67,500,3.6,0
914,38,0.47,1526,3.1,0
915,79,0.51,2536,2.9,0
916,55,0.72,4292,4.0,1
917,68,0.66,5635,4.0,0
918,68,0.78,3704,3.9,1
919,65,0.54,1942,4.1,0
920,65,0.53,1333,3.3,0
921,30,0.56,1167,3.5,0
922,112,0.91,9846,4.7,1
923,146,0.84,5314,4.4,1
924,78,0.85,4334,4.1,1
925,87,0.51,1779,3.2,0
926,78,0.77,5820,4.2,0
927,110,0.77,4390,4.3,1
928,90,0.8,3388,4.1,1
929,114,0.94,9661,4.5,1
930,55,0.54,1447,3.9,0
931,113,0.85,9056,4.5,1
932,76,0.74,4589,4.2,1
933,58,0.46,1280,3.6,0
934,84,0.64,4291,4.0,1
935,84,0.62,2163,4.1,1
936,83,0.78,4382,3.9,1
937,92,0.74,6664,4.3,0
938,83,0.9,8770,4.3,1
939,111,0.87,10265,4.2,1
940,84,0.84,2984,3.5,1
941,92,0.76,4095,3.7,1
942,87,0.89,5528,4.6,1
943,99,0.68,3961,4.3,0
944,40,0.5,1490,3.5,0
945,106,0.94,6201,5.0,1
946,60,0.78,2121,3.5,1
947,72,0.75,1571,3.7,0
948,127,0.92,9673,4.2,1
949,103,0.9,9769,4.1,1
950,129,0.87,7779,4.7,1
951,92,0.89,9607,4.7,1
952,136,0.83,11504,4.9,1
953,94,0.83,6887,4.3,1
954,79,0.74,2000,3.5,1
955,45,0.47,1824,3.1,0
956,114,0.91,10420,4.4,1
957,120,0.89,9045,4.9,1
958,75,0.86,3538,4.4,0
959,55,0.54,1990,4.4,0
960,56,0.68,2733,4.2,0
961,110,0.85,3794,4.8,1
962,138,0.89,10234,4.4,1
963,43,0.44,1046,3.6,0
964,106,0.72,2842,4.0,0
965,56,0.58,2189,3.4,0
966,92,0.79,13744,4.2,1
967,79,0.69,4536,4.1,0
968,69,0.82,4899,4.4,1
969,117,0.99,8851,4.3,1
970,103,0.89,6142,4.2,1
971,66,0.55,1387,3.3,0
972,64,0.46,1724,3.9,0
973,60,0.44,500,4.0,0
974,56,0.5,1020,3.0,0
975,61,0.79,3500,3.5,1
976,63,0.51,2400,3.2,0
977,86,0.85,3867,4.1,1
978,122,0.82,9401,4.5,1
979,55,0.77,4714,4.2,1
980,56,0.47,2016,3.7,0
981,48,0.41,658,2.9,0
982,65,0.61,1610,3.6,0
983,58,0.62,2506,3.0,0
984,73,0.78,5291,3.8,0
985,103,0.84,10376,4.6,1
986,70,0.65,3061,3.4,0
987,64,0.65,1497,4.0,0
988,131,0.96,12483,4.3,1
989,68,0.7,3874,3.5,1
990,125,0.84,9754,4.2,1
991,105,0.77,7542,4.1,0
992,114,0.94,9117,4.8,1
993,79,0.8,2177,4.5,1
994,55,0.75,5034,3.5,1
995,61,0.74,2000,3.9,1
996,30,0.67,1374,3.7,0
997,127,0.88,9085,4.4,1
998,60,0.56,2225,3.1,0
999,118,0.89,7063,4.2,1
1000,60,0.69,1391,3.3,0
1001,59,0.48,797,2.8,0
1002,111,0.96,11283,4.6,1
1003,67,0.75,4412,4.0,0
1004,108,0.9,14460,4.7,1
1005,96,0.88,7629,4.7,1
1006,119,0.93,3811,4.6,1
1007,141,0.91,7757,4.0,1
1008,104,0.7,3924,3.9,1
1009,83,0.77,4457,4.0,1
1010,86,0.69,945,4.5,0
1011,91,0.87,10144,4.5,1
1012,107,0.81,9970,4.3,1
1013,104,0.83,6051,4.5,1
1014,105,0.73,5424,4.1,0
1015,137,0.92,6039,3.9,1
1016,122,0.82,5410,4.5,1
1017,55,0.7,4760,3.9,1
1018,35,0.49,2060,3.5,0
1019,36,0.56,500,3.7,0
1020,86,0.64,3789,3.5,1
1021,128,0.79,9123,4.3,1
1022,58,0.46,1781,4.1,0
1023,55,0.55,1112,3.8,0
1024,140,0.8,12820,4.7,1
1025,114,0.85,7548,4.5,1
1026,76,0.69,4369,4.0,1
1027,122,0.86,14531,4.3,1
1028,88,0.65,4088,3.9,0
1029,62,0.62,2281,3.8,0
1030,127,0.93,5626,4.3,1
1031,58,0.55,2214,3.4,0
1032,87,0.86,9822,4.5,1
1033,105,0.94,13101,4.3,1
1034,57,0.6,917,3.1,0
1035,126,0.92,6774,4.6,1
1036,49,0.65,1237,3.3,0
1037,68,0.64,1610,3.0,0
1038,70,0.66,5367,3.6,1
1039,31,0.66,1390,4.2,0
1040,76,0.44,1457,3.1,0
1041,71,0.56,2211,3.2,0
1042,131,0.89,8006,4.7,1
1043,48,0.57,1182,3.5,0
1044,70,0.71,4005,4.2,1
1045,44,0.55,1757,2.6,0
1046,105,0.9,8086,4.8,1
1047,56,0.64,1804,3.0,0
1048,136,0.89,8543,4.7,1
1049,53,0.48,1242,3.5,0
1050,56,0.51,2334,3.8,0
1051,127,0.87,11332,4.3,1
1052,139,0.86,6914,4.7,1
1053,79,0.79,3533,4.3,1
1054,85,0.72,7118,4.3,0
1055,96,0.85,9780,4.4,1
1056,78,0.66,5316,4.1,1
1057,50,0.56,1878,3.1,0
1058,103,0.9,10957,4.6,1
1059,95,0.79,9098,4.4,1
1060,112,0.95,9868,4.7,1
1061,114,0.9,10910,4.6,1
1062,115,0.9,8410,4.3,1
1063,74,0.8,3807,3.7,1
1064,70,0.74,3646,4.4,1
1065,81,0.79,8185,4.2,1
1066,119,0.78,6214,4.1,1
1067,141,0.98,6537,4.9,1
1068,79,0.71,4793,4.1,0
1069,141,0.89,8016,4.1,1
1070,94,0.74,4944,3.9,0
1071,76,0.85,3596,4.2,0
1072,77,0.65,3715,3.8,1
1073,95,0.73,4843,4.4,0
1074,130,0.87,12572,4.3,1
1075,90,0.69,4278,4.0,1
1076,76,0.77,3231,4.1,0
1077,33,0.53,1440,3.4,0
1078,72,0.68,6603,3.9,1
1079,81,0.65,2597,4.5,0
1080,112,0.88,9804,5.0,1
1081,101,0.94,8460,4.8,1
1082,111,0.76,10456,4.3,1
1083,102,0.64,3973,3.5,1
1084,63,0.57,646,3.5,0
1085,35,0.53,1761,4.3,0
1086,128,0.8,9019,4.7,1
1087,105,0.87,5524,4.6,1
1088,75,0.6,2734,3.5,0
1089,100,0.86,6561,4.4,1
1090,78,0.7,4086,3.9,1
1091,86,0.75,5918,4.3,1
1092,96,0.85,6525,4.4,1
1093,98,0.82,8552,4.7,1
1094,124,0.82,7170,4.2,1
1095,122,0.92,10456,4.8,1
1096,104,0.82,12073,4.7,1
1097,55,0.62,1660,3.7,0
1098,106,0.83,6768,4.5,1
1099,39,0.62,1573,4.1,0
1100,68,0.88,5952,4.1,0
1101,81,0.72,3154,3.5,1
1102,66,0.79,5754,3.9,1
1103,108,0.92,9430,4.4,1
1104,141,0.91,8784,4.3,1
1105,60,0.63,871,3.2,0
1106,41,0.63,1589,4.6,0
1107,85,0.64,4217,4.2,1
1108,66,0.52,1272,3.4,0
1109,121,0.89,10740,3.8,1
1110,44,0.44,1684,3.8,0
1111,88,0.42,1059,4.3,0
1112,59,0.6,584,3.3,0
1113,73,0.52,1244,4.3,0
1114,62,0.39,500,3.7,0
1115,91,0.71,4759,3.8,0
1116,69,0.81,5031,3.8,1
1117,111,0.86,9531,5.0,1
1118,65,0.82,5769,4.3,0
1119,67,0.49,1601,4.0,0
1120,30,0.75,1323,3.4,0
1121,80,0.73,2809,4.2,1
1122,86,0.79,6306,4.2,0
1123,43,0.61,1013,3.5,0
1124,54,0.59,2436,3.7,0
1125,119,0.85,11058,4.8,1
1126,43,0.57,1534,3.4,0
1127,108,0.92,7968,4.7,1
1128,64,0.78,3564,4.2,1
1129,116,0.88,5168,4.2,1
1130,50,0.61,1180,4.1,0
1131,102,0.96,8734,4.4,1
1132,45,0.6,2703,3.5,0
1133,122,0.92,7797,4.8,1
1134,75,0.71,4556,4.3,0
1135,125,0.97,4517,4.7,1
1136,57,0.71,1766,3.9,0
1137,102,0.81,9071,4.5,1
1138,63,0.51,1821,3.4,0
1139,67,0.56,1847,3.6,0
1140,98,0.86,3209,4.4,1
1141,46,0.62,2324,3.4,0
1142,110,0.96,6709,4.3,1
1143,87,0.66,5987,4.0,1
1144,80,0.9,3735,4.6,0
1145,85,0.72,2291,4.5,1
1146,95,0.78,3618,4.4,1
1147,57,0.69,3924,4.2,1
1148,41,0.53,1045,3.6,0
1149,67,0.47,1017,3.3,0
1150,98,0.84,10178,4.7,1
1151,86,0.71,4801,4.3,0
1152,78,0.65,3298,3.7,1
1153,70,0.64,2995,3.5,0
1154,95,0.83,10776,4.8,1
1155,99,0.81,4630,4.0,0
1156,137,0.81,4422,3.9,1
1157,53,0.6,2204,3.3,0
1158,30,0.46,2036,3.9,0
1159,55,0.57,1426,3.3,0
1160,104,0.78,6940,4.6,1
1161,83,0.62,1279,3.4,0
1162,67,0.55,1483,3.4,0
1163,142,0.88,7464,4.2,1
1164,77,0.49,787,3.4,0
1165,119,0.94,9646,4.5,1
1166,64,0.61,5188,3.8,1
1167,122,0.78,7679,3.9,1
1168,95,0.67,5113,3.8,0
1169,55,0.7,2148,4.0,1
1170,109,0.88,15212,4.4,1
1171,104,0.77,8401,4.6,1
1172,32,0.42,1047,3.7,0
1173,111,0.83,9478,4.4,1
1174,120,0.91,8443,4.3,1
1175,88,0.74,6660,4.1,0
1176,68,0.7,6014,4.4,1
1177,105,0.81,7423,3.9,0
1178,99,0.84,5510,4.2,1
1179,107,0.84,9446,4.1,1
1180,87,0.5,1644,3.2,0
1181,52,0.59,1685,3.5,0
1182,71,0.73,6709,4.2,0
1183,58,0.51,1427,3.7,0
1184,108,0.87,7471,4.4,1
1185,57,0.46,1915,4.1,0
1186,112,0.85,10284,4.7,1
1187,47,0.54,1225,3.6,0
1188,111,0.86,7617,4.6,1
1189,32,0.57,2418,3.0,0
1190,124,0.84,9394,4.8,1
1191,74,0.82,4249,3.9,1
1192,60,0.52,1804,3.7,0
1193,55,0.51,1584,3.7,0
1194,92,0.67,3501,3.8,0
1195,41,0.41,1817,3.8,0
1196,78,0.76,5118,4.2,1
1197,122,0.84,2761,3.9,1
1198,85,0.81,3708,3.6,1
1199,97,0.87,7870,4.8,1
1200,74,0.71,2943,4.1,1
